<?xml version="1.0" encoding="UTF-8"?>  
<beans  
    xmlns="http://www.springframework.org/schema/beans"  
    xmlns:xsi="http://www.w3.org/2001/XMLSchema-instance"  
    xmlns:p="http://www.springframework.org/schema/p"  
    xsi:schemaLocation="http://www.springframework.org/schema/beans   
http://www.springframework.org/schema/beans/spring-beans-3.0.xsd">  
  
<!--  <bean id="address1" class="com.capgemini.model.Address">  
<property name="street" value="road no.12,airoli"></property>  
<property name="city" value="Mumbai"></property>  
<property name="state" value="MH"></property>
<property name="zip" value="4000078"></property>   
<property name="country" value="India"></property>  
</bean>  
  
<bean id="customer1" class="com.capgemini.model.Customer">  
<property name="customerId" value="1"></property>  
<property name="customerName" value="Tharak"></property>  
<property name="customerContact" value="7988598897"></property>  
<property name="customerAddress" value="Hyderabad"></property>  
<property name="address" ref="address1"></property>  
</bean> --> 

<bean id="customer1" class="com.capgemini.model.Customer">  
<constructor-arg value="10" type="int"></constructor-arg>  
</bean>  
  
</beans>  