<beans xmlns="http://www.springframework.org/schema/beans"
	xmlns:xsi="http://www.w3.org/2001/XMLSchema-instance"
	xsi:schemaLocation="http://www.springframework.org/schema/beans
	http://www.springframework.org/schema/beans/spring-beans-2.5.xsd">

	<bean id="QuestionBean" class="com.capgemini.model.Question">
			<property name="questionId" value="23" />
				<property name="question" value="capital of Maharastra?" />
				<property name="answers">
				<list>
				<value>Mumbai</value>
				<value>Hyderabad</value>
				<value>Shirdi</value>
				</list>
				</property>
				<property name="answers1">
				<set>
				<value>Mumbai</value>
				<value>Mumbai</value>
				<value>Shirdi</value>
				
				</set>
				
				</property>
				<property name="answers2">
				<map>
				<entry key="1" value="Mumbai"></entry>
				<entry key="2" value="hyderabad"></entry>
				<entry key="3" value="delhi"></entry>
				
				</map>
				
				</property>
				
	</bean>
	</beans>
